,sentence,entities,countries_entities
13,"After a period of diplomatic and military escalation known as the July Crisis, by the end of July 1914 two coalitions were at war: the Allies, comprised initially of the British Empire, France, and the Russian Empire; and the Central Powers, comprised initially of the German Empire and Austria-Hungary.[1][2]In 1917, Russia ended hostile actions against the Central Powers after the fall of the Tsar.","['the July Crisis', 'the end of July 1914', 'the British Empire', 'France', 'the Russian Empire', 'the Central Powers', 'the German Empire', 'Austria-Hungary.[1][2]In 1917', 'Russia', 'the Central Powers', 'Tsar']","['France', 'Russia']"
14,"The Bolsheviks negotiated the Treaty of Brest-Litovsk with Germany, although it was a huge cost to Russia.","['Bolsheviks', 'Germany', 'Russia']","['Germany', 'Russia']"
15,"In the treaty, Bolshevik Russia ceded the Baltic states to Germany, and its province of Kars Oblast in the South Caucasus to the Ottoman Empire.","['Bolshevik Russia', 'Baltic', 'Germany', 'Kars Oblast', 'the South Caucasus', 'the Ottoman Empire']",['Germany']
16,"It also recognized the independence of Ukraine.[3] Although Germany shifted huge forces from the eastern to the western front after signing the treaty, it was unable to stop the Allied advance, especially with the entrance of American troops in 1918.[4]The war itself was also a chance for the combatant nations to show off their military strength and technological ingenuity.","['Germany', 'Allied', 'American']",['Germany']
21,"Many Germans felt these reparations were unfair because they did not actually ""lose"" the war nor did they feel they caused the war (see Stab-in-the-back legend).[10] Germany was never occupied by Allied troops, yet it had to accept a liberal democratic government imposed on it by the victors after the abdication of Kaiser Wilhelm.[11]Much of the map of Europe was redrawn by the victors based upon the theory that future wars could be prevented if all ethnic groups had their own ""homeland"".  ","['Germans', 'Germany', 'Allied', 'Kaiser', 'Europe']",['Germany']
36,"Germany, 1933Fascism first appeared in Italy with the rise to power of Benito Mussolini in 1922.[23]","['Germany', 'first', 'Italy', 'Benito Mussolini', '1922.[23']","['Germany', 'Italy']"
37,"The ideology was supported by a large proportion of the upper classes as a strong challenge to the threat of communism.[24]When Adolf Hitler came to power in Germany in 1933, a new variant of fascism called Nazism took over Germany and ended the German experiment with democracy.","['Adolf Hitler', 'Germany', '1933', 'Nazism', 'Germany', 'German']","['Germany', 'Germany']"
38,"The Nazi Party in Germany was dedicated to the restoration of German honor and prestige, the unification of German-speaking peoples, and the annexation of Central and Eastern Europe as vassal states, with the Slavic population to act as slave labor to serve German economic interests.[25]  ","['The Nazi Party', 'Germany', 'German', 'German', 'Central and Eastern Europe', 'Slavic', 'German']",['Germany']
39,"There was also a strong appeal to a mythical racial purity (the idea that Germans were the Herrenvolk or the ""master race""), and a vicious antisemitism which promoted the idea of Jews as subhuman (Untermensch) and worthy only of extermination.[26]Many people in Western Europe and the United States greeted the rise of Hitler with relief or indifference.[27] They could see nothing wrong with a strong Germany ready to take on the communist menace to the east.","['Germans', 'Herrenvolk', 'Jews', 'Untermensch', 'extermination.[26]Many', 'Western Europe', 'the United States', 'Hitler', 'Germany']",['Germany']
40,"Antisemitism during the Great Depression was widespread as many were content to blame the Jews for causing the economic downturn.[28]Hitler began to put his plan in motion, annexing Austria in the Anschluss, or reunification of Austria to Germany, in 1938.[29]","['the Great Depression', 'Jews', 'Austria', 'Austria', 'Germany', '1938.[29']","['Austria', 'Austria', 'Germany']"
45,Spain also became a dictatorship under the leadership of General Francisco Franco after the Spanish Civil War.[33] Totalitarian states attempted to achieve total control over their subjects as well as their total loyalty.,"['Spain', 'Francisco Franco', 'the Spanish', 'Totalitarian']",['Spain']
50,"The signing of the Molotov–Ribbentrop Pact in Moscow, 23 August 1939Soon after the events in Czechoslovakia, Britain and France issued assurances of protection to Poland, which seemed to be next on Hitler's list.","['Moscow', '23 August 1939Soon', 'Czechoslovakia', 'Britain', 'France', 'Poland', 'Hitler']","['France', 'Poland']"
51,"World War II officially began on 1 September 1939, when Hitler unleashed his Blitzkrieg, or lightning war, against Poland.","['World War II', '1 September 1939', 'Hitler', 'Blitzkrieg', 'Poland']",['Poland']
52,"Britain and France, much to Hitler's surprise, immediately declared war upon Germany, but the help they delivered to Poland was negligible.[34] Sixteen days later, Poland was attacked from the East by Soviet Union, acting in a secret alliance with Nazi Germany.[35]","['Britain', 'France', 'Hitler', 'Germany', 'Poland', 'Sixteen days later', 'Poland', 'East', 'Soviet Union', 'Nazi']","['France', 'Germany', 'Poland', 'Poland']"
56,"This change smashed any expectations that the Second World War would be fought in the trenches like the first.[36]As Hitler's forces conquered Poland, the Soviet Union, under General Secretary Joseph Stalin, was acting out guarantees of territory under a secret part of a nonaggression pact between the USSR and Germany known as the Molotov–Ribbentrop Pact.","['the Second World War', 'Hitler', 'Poland', 'the Soviet Union', 'Joseph Stalin', 'USSR', 'Germany']","['Poland', 'Germany']"
57,"This treaty gave Stalin free rein to take the Baltic republics of Estonia, Latvia, and Lithuania, as well as Eastern Poland, all of which would remain in Soviet possession after the war.[37] Stalin also launched an attack on Finland, which he hoped to reduce to little more than a Soviet puppet state, but the Red Army met staunch Finnish resistance in what became known as the Winter War and succeeded in gaining only limited territory from the Finns.[38]","['Stalin', 'Baltic', 'Estonia', 'Latvia', 'Lithuania', 'Eastern Poland', 'Soviet', 'Stalin', 'Finland', 'Soviet', 'the Red Army', 'Finnish', 'the Winter War']","['Estonia', 'Latvia', 'Lithuania', 'Finland']"
58,"This action would later cause the Finns to ally with Germany when its attack on the Soviet Union came in 1941.[39]Blitzkrieg[edit]After the defeat of Poland, a period known as the Phony War ensued during the winter of 1939–1940, which saw only limited military land operation on the Western Front.[40]","['Finns', 'Germany', 'the Soviet Union', '1941.[39]Blitzkrieg[edit]After', 'Poland', 'the Phony War', 'the winter of 1939–1940']","['Germany', 'Poland']"
59,"All of this changed on 10 May 1940, when the Germans launched a massive attack on the Low Countries (Belgium, the Netherlands, and Luxembourg), likely to surmount the Maginot Line of defenses on the Franco-German border.[41]","['10 May 1940', 'Germans', 'the Low Countries (Belgium', 'Netherlands', 'Luxembourg', 'the Maginot Line']","['Netherlands', 'Luxembourg']"
61,"The worst of this was that King Leopold III of Belgium surrendered to the Germans on 28 May without warning his allies, exposing the entire flank of the Allied forces to German panzer groups.[42]","['King Leopold III', 'Belgium', 'Germans', '28 May', 'Allied', 'German']",['Belgium']
62,"Following the conquest of the Low Countries, Hitler occupied Denmark and Norway, beginning on 9 April 1940.","['Hitler', 'Denmark', 'Norway', '9 April 1940']","['Denmark', 'Norway']"
63,Norway was strategically important because of its sea routes which supplied crucial Swedish ore to the Nazi war machine.,"['Norway', 'Swedish', 'Nazi']",['Norway']
64,"Norway held on for a few crucial weeks, but Denmark surrendered after only six hours.[43][44] Sweden was the only Scandinavian country to successfully maintain its neutrality throughout the war, with occasional breaches of neutrality in favor of both Germany and the Western Allies.[45]With the disaster in the Low Countries, France, considered at the time to have had the finest army in the world, lasted only four weeks, with Paris being occupied on 14 June.","['Norway', 'a few crucial weeks', 'Denmark', 'only six', 'Sweden', 'Scandinavian', 'Germany', 'Western', 'France', 'only four weeks', 'Paris', '14 June']","['Norway', 'Denmark', 'Sweden', 'Germany', 'France']"
66,"The debacle in France also led to one of the war's greatest mysteries, and Hitler's first great blunder, Dunkirk, where a third of a million trapped British and French soldiers were evacuated by not only British war boats, but every craft the army could find, including fishing boats.","['France', 'one', 'Hitler', 'first', 'Dunkirk', 'a third', 'million', 'British', 'French', 'British']",['France']
68,"Hitler did not occupy all of France, but about three-quarters, including all of the Atlantic coast, allowing Marshal Pétain to remain as dictator of an area known as Vichy France.[48]","['Hitler', 'France', 'about three-quarters', 'Atlantic', 'Marshal Pétain']",['France']
70,"At this moment, Italy, under Benito Mussolini, declared war on the Allies on 10 June, thinking that the war was almost over, but he managed only to occupy a few hundred yards of French territory.[50] Throughout the war, the Italians would be more of a burden to the Nazis than a boon, and would later cost them precious time in Greece.[51][52]German Heinkel He 111 bombers during the Battle of BritainHitler now turned his eyes on Great Britain, which stood alone against him.","['Italy', 'Benito Mussolini', '10 June', 'a few hundred yards', 'French', 'Italians', 'Nazis', '111', 'the Battle of BritainHitler', 'Great Britain']",['Italy']
72,"The British at first suffered steady losses, but eventually managed to turn the air war against Germany, taking down 2,698 German planes throughout the summer of 1940 to only 915 Royal Air Force (RAF) losses.[53] The key turning point came when the Germans discontinued successful attacks against British airplane factories and radar command and coordination stations and turned to civilian bombing known as terror bombing using the distinctive ""bomb"" sound created by the German dive-bomber, the Stuka.[54]","['British', 'first', 'Germany', '2,698', 'German', 'the summer of 1940', '915', 'Royal Air Force', 'RAF', 'Germans', 'British', 'German']",['Germany']
81,"However, a pro-allied coup in Yugoslavia and Mussolini's almost utter defeat in his invasion of Greece from occupied Albania prompted Hitler to launch a personal campaign of revenge in Yugoslavia and to occupy Greece at the same time.[58] The Greeks would have a bitter revenge of sorts; the attack caused a delay of several crucial weeks of the invasion of the USSR, potentially hampering it.[59]Europe at the height of German control in 1942On 22 June 1941, Hitler attacked Stalin with the largest army the world had ever seen.","['Yugoslavia', 'Mussolini', 'Greece', 'Albania', 'Hitler', 'Yugoslavia', 'Greece', 'several crucial weeks', 'USSR', 'it.[59]Europe', 'German', '1942On 22 June 1941', 'Hitler', 'Stalin']","['Greece', 'Albania', 'Greece']"
84,"Therefore, the Soviet army was largely unprepared and suffered massive setbacks in the early part of the war, despite Stalin's orders to counterattack the Germans.[61] Throughout 1941, German forces, divided into 3 army groups (Army Group A, Army Group B, and Army Group C), occupied the territories of the present day Ukraine and Belarus, laid siege to Leningrad (present day Saint Petersburg), and advanced to within 15 miles of Moscow.","['Soviet', 'Stalin', 'the Germans.[61] Throughout 1941', 'German', '3', 'Army Group', 'Army Group', 'Army Group C', 'Ukraine', 'Belarus', 'Leningrad', 'Saint Petersburg', '15 miles', 'Moscow']","['Ukraine', 'Belarus']"
87,Recently arrived troops from the east under the command of Marshal Georgy Zhukov counterattacked the Germans and drove them from Moscow.[62]Mussolini had launched an offensive in North Africa from Italian-controlled Libya into British-controlled Egypt.,"['Georgy Zhukov', 'Germans', 'Moscow.[62]Mussolini', 'North Africa', 'Italian', 'Libya', 'British', 'Egypt']","['Libya', 'Egypt']"
88,"However, the British smashed the Italians and were on the verge of taking Libya.","['British', 'Italians', 'Libya']",['Libya']
89,"Hitler decided to help by sending in a few thousand troops, a Luftwaffe division, and the first-rate general Erwin Rommel.[63] Rommel managed to use his small force to repeatedly smash massively superior British forces and to recapture the port city of Tobruk and advance into Egypt.","['Hitler', 'a few thousand', 'Luftwaffe', 'first', 'Erwin', 'British', 'Tobruk', 'Egypt']",['Egypt']
90,"However, Hitler, embroiled in his invasion of the Soviet Union, refused to send Rommel any more troops, causing Rommel to retreat and preventing him from seizing the Middle East, where Axis-friendly regimes had taken root in Iraq and Persia (present-day Iran).[64][65]After the winter, Hitler launched a fresh offensive in the spring of 1942, with the aim of capturing the oil-rich Caucacus and the city of Stalingrad.","['Hitler', 'the Soviet Union', 'Rommel', 'Rommel', 'the Middle East', 'Iraq', 'Persia', 'present-day', 'the winter', 'Hitler', 'the spring of 1942', 'Caucacus', 'Stalingrad']",['Iraq']
99,"Parts of the German brass advised against declaring war on the US, arguing that since Japan was the aggressor, the Tripartite Pact didn't bind Germany to do so.","['German', 'US', 'Japan', 'the Tripartite Pact', 'Germany']","['Japan', 'Germany']"
100,"However, Hitler hoped that Japan would be able to quickly defeat the US and then turn its attention on helping the effort against Russia.","['Hitler', 'Japan', 'US', 'Russia']","['Japan', 'Russia']"
101,"Both Germany and Italy declared war on the United States a few days after the attack.[67]Turning tides[edit]A British soldier gives a V gesture to German prisoners captured at El Alamein, 26 October 1942Throughout the rest of 1942 and 1943, the Soviets began to gain ground against the Germans after some victories like the tank battle of Kursk.[68]","['Germany', 'Italy', 'the United States', 'a few days', 'British', 'German', 'El Alamein', '26', 'October', '1942', '1943', 'Soviets', 'Germans']","['Germany', 'Italy']"
102,"By this time, Rommel had been forced to abandon North Africa after a defeat by Montgomery at El Alamein in what was the first decisive victory of the Allies over the Germany army, leading Churchill to declare it ""the end of the beginning"".[69]","['Rommel', 'North Africa', 'Montgomery', 'El Alamein', 'first', 'Germany', 'Churchill']",['Germany']
107,"They drove out the Germans in Africa, invading Morocco and Algeria on 8 November 1942.[71]","['Germans', 'Africa', 'Morocco', 'Algeria', '8']","['Morocco', 'Algeria']"
108,"Then, on 10 July 1943, the Allies invaded Sicily, in preparation for an advance through Italy, the ""soft underbelly"" of the Axis, as Winston Churchill called it.","['10 July 1943', 'Sicily', 'Italy', 'Axis', 'Winston Churchill']",['Italy']
109,"On 9 September, the invasion of Italy began.[72] By the winter of 1943, the southern half of Italy was in Allied hands.","['9 September', 'Italy', 'the winter of 1943', 'half', 'Italy', 'Allied']","['Italy', 'Italy']"
112,"On 8 September, the Italians formally surrendered,[73] but most of Italy not in Allied hands was controlled by German troops and those loyal to Mussolini's (Mussolini had been freed by German paratroopers) new Italian Social Republic, which in reality consisted of the shrinking zone of German control.","['8 September', 'Italians', 'Italy', 'Allied', 'German', 'Mussolini', 'Mussolini', 'German', 'Italian Social Republic', 'German']",['Italy']
118,"Rommel, who was now in charge of defending France against possible Allied attack, thought the Allies would not attack during the stormy weather, and was on holiday in Germany.[77]","['Rommel', 'France', 'Allied']",['France']
119,"Besides this, the Germans were expecting an attack, but at the natural harbor of Calais and not the beaches of Normandy; They did not know about the Allies' artificial harbours, and false leads planted by the Allies suggested Calais as the landing site.[78]U.S. assault troops approaching Omaha Beach, 6 June 1944.By this time, the war was looking ever darker for Germany.","['Germans', 'Calais', 'Normandy', 'Calais', 'Omaha Beach', '6 June 1944.By', 'Germany']",['Germany']
123,"The German propaganda minister, Joseph Goebbels, rallied the Nazis and hunted down the conspirators, arresting up to 7000 people in the wake of the plot, according to some estimates.[80]In France, the Allies took Normandy and finally Paris on 25 August.[81]","['German', 'Joseph Goebbels', 'Nazis', '7000', 'France', 'Normandy', 'Paris', '25 August.[81']",['France']
134,"The west went to Britain, France, and the U.S. Post-war Germany would be split between the four, as would Berlin.","['Britain', 'France', 'the U.S. Post-war Germany', 'four', 'Berlin']",['France']
136,"The Soviets launched a devastating attack from Poland into Germany and Eastern Europe, intending to take Berlin.","['Soviets', 'Poland', 'Germany', 'Eastern Europe', 'Berlin']","['Poland', 'Germany']"
137,"The Germans collapsed in the West, allowing the Allies to fan out across Germany.","['Germans', 'West', 'Germany']",['Germany']
138,"However, the Supreme Allied Commander, American general Dwight D. Eisenhower, refused to strike for Berlin, and instead became obsessed with reports of possible guerrilla activity in southern Germany, which in reality existed mainly in the propaganda of Joseph Goebbels.[86]","['the Supreme Allied Commander', 'American', 'Dwight D. Eisenhower', 'Berlin', 'Germany', 'Joseph Goebbels.[86']",['Germany']
143,"The war in the Pacific[edit]Main article: Asiatic-Pacific TheaterBackground[edit]The first event that is usually linked to the later Pacific conflict was the Mukden Incident of 18 September 1931, during which the Japanese military staged the bombing of the South Manchuria Railway and pinned the blame on Chinese dissidents.[89] Japan then used this as pretext to invade northeastern China the next day and turn the region of Manchuria into the Japanese puppet state of Manchukuo.[90]","['Asiatic-Pacific', 'first', 'the Mukden Incident of', 'September 1931', 'Japanese', 'the South Manchuria Railway', 'Chinese', 'Japan', 'China', 'the next day', 'Manchuria', 'Japanese']",['Japan']
144,"After the League of Nations commissioned the 1932 Lytton Report, which exposed the Mukden Incident as a Japanese ruse, Japan was left internationally isolated, withdrawing from the League of Nations in March 1933.","['the League of Nations', '1932', 'Lytton Report', 'the Mukden Incident', 'Japanese', 'Japan', 'the League of Nations', 'March 1933']",['Japan']
145,"In 1934 Manchukuo became a constitutional monarchy and the former Chinese Emperor Pu Yi was placed on the throne, despite the real power being held by Japan.[91]Despite relations between Japan and China suffering because the occupation of Manchuria, the situation did not turn into all-out war until 7 July 1937, when a dispute between Chinese and Japanese soldiers turned into a battle during the Marco Polo Bridge Incident.[92]","['1934', 'Manchukuo', 'Chinese', 'Pu Yi', 'Japan', 'China', 'Manchuria', '7 July 1937', 'Chinese', 'Japanese', 'the Marco Polo Bridge']",['Japan']
147,"Japan enjoyed some early major victories, capturing both Shanghai and the Chinese capital of Nanjing in 1937 and forcing the Chinese central government 's relocation to Chongqing.","['Japan', 'Shanghai', 'Chinese', 'Nanjing', '1937', 'Chinese', 'Chongqing']",['Japan']
148,"Following Chinese victories in Changsha and Guangxi in 1939, the war reached somewhat of a stalemate, with Japan controlling the large cities, but being unable to rule the vast countryside.[94] On 27 September 1940, Japan became cosignatories of the Tripartite Pact, joining a military alliance with Germany and Italy.[95]Japanese Expansion[edit]USS West Virginia during the attack on Pearl HarborOn 7 December 1941, Japan launched a surprise attack on the American base at Pearl Harbor as a mean of preventing the U.S. Pacific Fleet from interfering with its planned expansion in the area.[96]","['Chinese', 'Changsha', 'Guangxi', '1939', 'Japan', '27 September 1940', 'Japan', 'the Tripartite Pact', 'Germany', 'Italy.[95]Japanese', 'West Virginia', 'Pearl HarborOn 7', 'December 1941', 'Japan', 'American', 'Pearl Harbor', 'the U.S. Pacific Fleet']","['Japan', 'Japan', 'Germany', 'Japan']"
149,"The next day, following Roosevelt's Infamy Speech, the United States declared war on Japan, marking the official entry of both nations in World War 2.[97][98]","['next day', 'Roosevelt', 'Infamy Speech', 'the United States', 'Japan', 'World War 2.[97][98']",['Japan']
150,"At the same time, Japan also launched attacks on Thailand, the British colonies of Malaya, Singapore, Hong Kong and American military bases in Guam, Wake Island and the Philippines.[99]The next six months were dominated by Japanese victories against the Allied forces, already war-weary and stretched thin after two years of war in Europe and North Africa.","['Japan', 'Thailand', 'British', 'Malaya', 'Singapore', 'Hong Kong', 'American', 'Guam', 'Wake Island', 'Japanese', 'Allied', 'two years', 'Europe', 'North Africa']","['Japan', 'Thailand', 'Singapore']"
151,"Japan managed to capture British Burma, New Guinea, the Dutch East Indies, the Solomon Islands, Bali and Timor.[100] In March 1942, days before the surrender of the Philippines, general Douglas MacArthur, who came out of retirement to become commander of United States Army Forces in the Far East at the onset of the war, was forced to flee and narrowly escape to Australia.[101]","['Japan', 'British Burma', 'New Guinea', 'the Dutch East Indies', 'the Solomon Islands', 'Bali', 'March 1942, days', 'Philippines', 'Douglas MacArthur', 'United States Army Forces', 'the Far East']","['Japan', 'Philippines']"
152,"On 19 February 1942, Japan also launched a devastating aerial attack on the Australian city of Darwin, in what was the first attack by a foreign power on Australian soil.[102]The turning of the tide came in early May, during the Battle of the Coral Sea, which proved the first strategic victory of the Allies against Japanese expansion.[103] This was followed one month later by the Battle of Midway, in which the US Navy defeated an attacking Japanese fleet, inflicting devastating damage on the attacking force.","['19 February 1942', 'Japan', 'Australian', 'Darwin', 'first', 'Australian', 'early May', 'the Battle of the Coral Sea', 'first', 'Japanese', 'one month later', 'the Battle of Midway', 'the US Navy', 'Japanese']",['Japan']
155,"The losses suffered during this Battle of Midway, paired with the campaign of attrition that was taking place in Solomon Islands, left Japan unable to replenish its forces and turned the tides of war against it.","['this Battle of Midway', 'Solomon Islands', 'Japan']","['Solomon Islands', 'Japan']"
156,"By August 1942, the Allied forces were on the offensive, earning victories in the New Guinea campaign at Guadalcanal, Milne Bay and Buna-Gona.[106]Allied offensive[edit]A map of the Japanese advance from 1937 to 1942Over the next two years the Allies slowly captured one island base after another, trying to get closer to Japan itself, where it planned to launch massive strategic air attacks and, only if absolutely necessary, execute a ground invasion.","['August 1942', 'Allied', 'New Guinea', 'Guadalcanal', 'Milne Bay', 'Japanese', '1937', '1942Over', 'the next two years', 'Allies', 'one', 'Japan']",['Japan']
157,"By July 1944, the US recaptured Guam and captured Tinian, which finally put them in attacking range of mainland Japan using the new Boeing B-29 bombers.[107] Despite the advances of the Allies, massive fighting was still taking place, both in South-East Asia with the Japanese offensive in India and in the Pacific, with the Battle of the Philippine Sea, where Japan suffered major losses and definitively lost the ability to rely on aircraft carriers.[108]","['July 1944', 'US', 'Guam', 'Tinian', 'Japan', 'Boeing', 'B-29', 'South-East Asia', 'Japanese', 'India', 'Pacific', 'the Battle of the Philippine Sea', 'Japan']","['Japan', 'India', 'Japan']"
161,"Capturing the island meant not only a better launch station for aerial attacks against mainland Japan, but also the prevention of its use as an early-warning station against air raids.",['Japan'],['Japan']
163,"Despite the American troops outnumbering the Japanese to a rate of more than 3 to 1, the USA suffered heavy casualties in the 36 days of fighting, with over 6,800 Marines killed and another 20,000 wounded,[113] leading some historians to question the strategic worth of the action.[114] With Japan struggling to defend the homeland islands, counteroffensives in other parts of the Japanese Empire became more feasible, with important battles taking place in Burma, Borneo and China.","['American', 'Japanese', 'more than 3 to 1', 'USA', 'the 36 days', 'over 6,800', 'Marines', 'Japan', 'the Japanese Empire', 'Burma', 'Borneo', 'China']",['Japan']
166,"Final days[edit]The assaults on both Iwo Jima and Okinawa proved incredibly costly in terms of American lives and president Truman was horrified at the prospect of Operation Downfall, a planned boots-on-the-ground invasion of mainland Japan that was estimated to lead to over a million casualties among American soldiers.[118]","['Iwo Jima', 'Okinawa', 'American', 'Truman', 'Operation Downfall', 'Japan', 'over a million', 'American']",['Japan']
168,"Following the Potsdam Declaration of 26 July, where the Allies threatened ""prompt and utter destruction"" should Japan not surrender,[119] the decision was made to resort to the first use of atomic bombs.","['the Potsdam Declaration', '26 July', 'Allies', 'Japan', 'first']",['Japan']
179,"After the conquest of Poland, the Third Reich, which had previously deported Jews and other ""undesirables"", suddenly had within its borders the largest concentration of Jews in the world.","['Poland', 'Jews', 'Jews']",['Poland']
183,"The Nazis created a system of extermination camps throughout Poland, and began rounding up Jews from the Soviet Union, and from the Ghettos.[131][132] Not only were Jews shot or gassed to death en masse, but they were forced to provide slave labor and they were used in horrific medical experiments (see Human experimentation in Nazi Germany).[133] Out of the widespread condemnation of the Nazis' medical experiments, the Nuremberg Code of medical ethics was devised.[134]The Nazis took a sadistic pleasure in the death camps; the entrance to the most notorious camp, Auschwitz, stated ""Arbeit Macht Frei""—""Work Sets You Free"".[135]","['Nazis', 'Poland', 'Jews', 'the Soviet Union', 'Jews', 'Nazi', 'Nazis', 'the Nuremberg Code', 'Nazis', 'Auschwitz', 'Arbeit Macht Frei""—""Work Sets You Free"".[135]']",['Poland']
191,"However, Germany had surrendered in May 1945, and it had been discovered that the German atomic bomb program had not been very close to success.[147]The first nuclear explosion, named ""Trinity"", was detonated on 16 July 1945.The Allied team produced two nuclear weapons for use in the war, one powered by uranium-235 and the other by plutonium as fissionable material, named ""Little Boy"" and ""Fat Man"".[148] These were dropped on the Japanese cities of Hiroshima and Nagasaki on 6 and 9 August 1945 each.","['Germany', 'May 1945', 'German', 'first', '16 July', 'Allied', 'two', '""Little Boy""', 'Japanese', 'Hiroshima', 'Nagasaki', '6 and 9 August 1945']",['Germany']
198,This new weapon was alone over 400 times as powerful as the weapons used against Japan.,"['over 400', 'Japan']",['Japan']
202,"Eventually, nine nations would overtly develop nuclear weapons, and still maintain stockpiles today: the United States, the Soviet Union (and later Russia would inherit these), the United Kingdom, France, China, India, Pakistan, Israel and North Korea.[154] South Africa developed six crude weapons in the 1980s (which it later dismantled),[155] and Israel almost certainly developed nuclear weapons though it never confirmed nor denied it.[156]","['nine', 'today', 'the United States', 'the Soviet Union', 'Russia', 'the United Kingdom', 'France', 'China', 'India', 'Pakistan', 'Israel', 'North Korea.[154]', 'South Africa', 'six', 'the 1980s', 'Israel']","['Russia', 'France', 'India', 'Pakistan', 'Israel', 'South Africa', 'Israel']"
203,"The creation of the Nuclear Non-proliferation Treaty in 1968 was an attempt to curtail such proliferation,[157] but a number of countries developed nuclear weapons since it was signed (and many did not sign it), and several other countries, including Libya and Iran were suspected of having clandestine nuclear weapons programs.[158][159]The post-war world[edit]Main article: Post–World War II economic expansionFollowing World War II, the majority of the industrialized world lay in ruins as a result of aerial bombings, naval bombardment, and protracted land campaigns.","['the Nuclear Non-proliferation Treaty', '1968', 'Libya', 'Iran', 'World War II', 'World War II']","['Libya', 'Iran']"
205,"Germany, chief instigator of the war, was placed under joint military occupation by the United States, Great Britain, France, and the Soviet Union.","['Germany', 'the United States', 'Great Britain', 'France', 'the Soviet Union']","['Germany', 'France']"
207,"Japan was also placed under U.S. occupation, that would last seven years, until 1952.[163]","['Japan', 'U.S.', 'last seven years', '1952.[163']",['Japan']
208,"Oddly, these two Axis powers, despite military occupation, soon rose to become the second (Japan) and third (West Germany)","['two', 'second', 'Japan', 'third', 'West Germany']",['Japan']
214,"The end of empires: decolonization[edit]Michael Somare, the first leader of an independent Papua New Guinea.","['decolonization[edit]Michael Somare', 'first', 'Papua New Guinea']",['Papua New Guinea']
217,"In India, Mahatma Gandhi became a global icon for his non-violent struggle to achieve Indian independence whereas Mohamed Ali Jinnah advocated for the independence of a separate state for Muslims.","['India', 'Mahatma Gandhi', 'Indian', 'Mohamed Ali Jinnah', 'Muslims']",['India']
218,"This was achieved in 1947 with the end of British rule in India and the Partition of the territory into modern-day India and Pakistan, which would later also further divide, leading to the creation of the People's Republic of Bangladesh in 1971.[170][171]","['1947', 'British', 'India', 'the Partition of the', 'India', 'Pakistan', ""the People's Republic of Bangladesh""]","['India', 'India', 'Pakistan']"
219,"Elsewhere in Asia, The United States granted independence to the Philippines, its major Pacific possession in 1946.[172]","['Asia', 'The United States', 'Philippines', 'Pacific', '1946.[172']",['Philippines']
220,"In French Indochina, armed insurrections forced the French out in the early 1950s, leading to the formation of Laos, Cambodia and Vietnam.[173]In Africa, nationalists such as Jomo Kenyatta of Kenya and Kwame Nkrumah of Ghana led their respective nations to independence from foreign rule.[174]","['French', 'Indochina', 'French', 'the early 1950s', 'Laos', 'Cambodia', 'Vietnam.[173]In Africa', 'Jomo Kenyatta', 'Kenya', 'Kwame Nkrumah', 'Ghana']","['Laos', 'Cambodia', 'Kenya', 'Ghana']"
221,"Mere decades before, the British Empire controlled almost half of the continent, but by 1968, the only British possession in Africa was Seychelles (which would also become independent in 1976).","['British Empire', 'almost half', '1968', 'British', 'Africa', 'Seychelles', '1976']",['Seychelles']
230,"Eastern Poland (incorporated into the Byelorussian SSR and the Ukrainian SSR),[184] Latvia (which became the Latvian SSR), Estonia (which became the Estonian SSR), Lithuania ( which became the Lithuanian SSR),[185] part of eastern Finland (which became the Karelo-Finnish SSR)[186] and eastern Romania (part of which became the Moldavian SSR)[187] were now wholly part of Soviet Union.","['Eastern Poland', 'the Ukrainian SSR),[184] Latvia', 'the Latvian SSR', 'Estonia', 'Estonian', 'Lithuania', 'Finland', 'Karelo', 'Romania', 'Moldavian', 'Soviet Union']","['Estonia', 'Lithuania', 'Finland', 'Romania']"
231,"Furthermore, between 1945 and 1949, Yugoslavia, Albania, Bulgaria, Poland, Romania, Czechoslovakia, Hungary and East Germany saw communist regimes coming to power and their transformation into People's Republics.[188] While they remained independent countries and their relation with the Soviet authorities would fluctuate over the next half century, they were widely seen as Soviet satellite states.","['between 1945 and 1949', 'Yugoslavia', 'Albania', 'Bulgaria', 'Poland', 'Romania', 'Czechoslovakia', 'Hungary', 'East Germany', ""People's Republics.[188] While"", 'Soviet', 'the next half century', 'Soviet']","['Albania', 'Bulgaria', 'Poland', 'Romania', 'Hungary']"
232,"Outside of Europe, countries that would see the rise of communism and would ally themselves to the communist bloc include Mongolia, China, North Korea, Cuba and Vietnam.[189]The spread of the communist ideology in general and the Soviet influence in particular made Western leaders nervous and it even lead to Churchill considering a preemptive attack on the USSR even before World War II was formally ended.[190]The two rival blocks also coalesced into formal mutual defense organizations, with the formation of the North Atlantic Treaty Organization (NATO) in 1949[191] and the Warsaw Pact in 1955,[192] each determine to expand its own influence among unaligned countries and limit the influence of their rivals.","['Europe', 'communist', 'Mongolia', 'China', 'North Korea', 'Cuba', 'Soviet', 'Western', 'Churchill', 'USSR', 'World War II', 'two', 'the North Atlantic Treaty Organization', 'NATO', '1949[191', 'the Warsaw Pact', '1955,[192']","['Mongolia', 'Cuba']"
234,"The first war was the Korean War, fought between People's Republic of China-backed North Korea and mainly United States-backed South Korea.","['first', 'the Korean War', ""People's Republic of China"", 'North Korea', 'United States', 'South Korea']",['United States']
236,"A communist government controlled the territory north of the border and a capitalist one controlled the South, with both authorities considering the other one illegitimate and claiming sovereignty over the entire peninsula.[194] North Korea's invasion of South Korea on 25 June 1950 led to United Nations intervention.[195] General Douglas MacArthur led troops from the United States, Canada, Australia, Great Britain, and other countries in repulsing the Northern invasion.","['South', ""North Korea's"", 'South Korea', '25 June 1950', 'United Nations', 'Douglas MacArthur', 'the United States', 'Canada', 'Australia', 'Great Britain']","['Canada', 'Australia']"
238,"After the French withdrawal from its former colony, on 21 July 1954, Vietnam became partitioned into two halves, much like Korea, along the 17th parallel.","['French', '21 July 1954', 'Vietnam', 'two', 'Korea', 'the 17th']",['Vietnam']
243,"The plan went awry, with Nixon  deliberately sabotaging peace talks for political gain,[202] and the war spilled into neighboring Cambodia while South Vietnamese forces were pushed further back.[203]","['Nixon', 'Cambodia', 'South Vietnamese']",['Cambodia']
246,"Saigon was captured on 30 April 1975, and Vietnam was unified under Communist rule a year later, effectively bringing an end to one of the most unpopular wars of all time.[205][206]The Cuban Missile Crisis illustrates just how close to the brink of nuclear war the world came during the Cold War.","['Saigon', '30 April 1975', 'Vietnam', 'Communist', 'a year later', 'one', 'the Cold War']",['Vietnam']
247,"Cuba, under Fidel Castro's socialist government, had formed close ties with the Soviet Union.[207] This was obviously disquieting to the United States, given Cuba's proximity.","['Cuba', ""Fidel Castro's"", 'Soviet', 'the United States', 'Cuba']","['Cuba', 'Cuba']"
250,"Main article: Space RaceWith Cold War tensions running high, the Soviet Union and United States took their rivalry to the stars in 1957 with the Soviet launch of Sputnik.[210] A ""space race"" between the two powers followed.[211]","['Space RaceWith Cold War', 'the Soviet Union', 'United States', '1957', 'Soviet', 'two']",['United States']
252,"Regular space flights with astronauts were made possible with the American Space Shuttle, which was the first reusable spacecraft to be successfully used.[219] Mir and Skylab enabled prolonged human habitation in space.[220][221] In the 1990s, work on the International Space Station began, and by the end of the century, while still incomplete, it was in continual use by astronauts from the United States, Europe, Russia, Japan, and Canada.[222]The end of the Cold War[edit]In 1989, the Berlin Wall separating West and East Berlin fell.","['the American Space Shuttle', 'first', 'Mir', 'Skylab', 'the 1990s', 'the International Space Station', 'the end of the century', 'the United States', 'Europe', 'Russia', 'Japan', '1989', 'the Berlin Wall', 'West', 'East Berlin']","['Russia', 'Japan']"
257,"Boris Yeltsin, president of Russia, organized mass opposition, and the coup failed.[228]","['Boris Yeltsin', 'Russia', 'failed.[228']",['Russia']
291,"In this figure, the globally averaged warming corresponds to 3.0 °C (5.4 °F).The world was undergoing its second major period of globalization; the first, which started in the 19th century, having been terminated by World War I.[257] Since the US was in a position of almost unchallenged domination, a major part of the process was Americanization.[258] This led to anti-Western and anti-American feelings in parts of the world, especially the Middle East.[259] The influence of China and India was also rising, as the world's largest populations, long marginalized by the West and by their rulers, were rapidly integrating with the world economy.[260]However, several problems face the world.","['3.0', '5.4', 'second', 'first', 'the 19th century', 'World War I.[257] Since', 'US', 'anti-Western', 'anti-American', 'China', 'India', 'West']",['India']
296,"Meanwhile in South Africa, the apartheid came to an end and Nelson Mandela became the nation's first black president, leading to the formation of a new democratic government, after having been ruled for four and a half decades of systemised racial segregation.","['South Africa', 'Nelson Mandela', 'first', 'four and a half decades']",['South Africa']
297,"In Rwanda, an estimated one million people were massacred in the genocide, which included targets of Tutsis and moderate Hutu and Twa people.","['Rwanda', 'an estimated one million', 'Tutsis', 'Hutu']",['Rwanda']
404,"""Hitler announces an Anschluss with Austria"".","['Hitler', 'Austria']",['Austria']
438,"""Why Finland allied itself with Nazi Germany | Letter"".","['Finland', 'Nazi', 'Germany']","['Finland', 'Germany']"
453,"""Germany's Invasion of Denmark and Norway"".","['Germany', 'Norway']","['Germany', 'Norway']"
460,"ISBN 9780521643580.^ ""France to surrender"".",['France'],['France']
478,"S2CID 266611484.^ ""Italy a burden on Hitler in World War II – World – Dunya News"".","['S2CID', '266611484.^', 'Italy', 'Hitler', 'World War II']",['Italy']
482,"""Italy Tried to Invade Greece in World War II.","['Greece', 'World War II']",['Greece']
490,"""The Stuka Terror: Germany's shrieking Ju 87 dive bomber lingered in the mind as a truly dreaded air weapon"".","['The Stuka Terror', 'Germany', 'Ju 87']",['Germany']
508,Rise And Fall of the Third Reich: A History of Nazi Germany.,"['Nazi', 'Germany']",['Germany']
535,"""Germany's Sixth Army in Stalingrad in World War II"".","['Germany', 'Sixth Army', 'Stalingrad', 'World War II']",['Germany']
538,"""Germany declares war on the United States"".","['Germany', 'the United States']",['Germany']
561,"Retrieved 12 December 2018.^ ""1943: Italy's surrender announced"".","['12', 'December', '1943', 'Italy']",['Italy']
632,"S2CID 143561025.^ ""BBC – History – World Wars: Japan's Quest for Empire"".","['S2CID', 'BBC', 'Japan']",['Japan']
645,"""The Avalon Project: Summary of the Three-Power Pact Between Germany, Italy, and Japan, Signed at Berlin, September 27, 1940"".","['The Avalon Project: Summary of the Three-Power Pact Between Germany', 'Italy', 'Japan', 'Berlin', 'September 27, 1940']","['Italy', 'Japan']"
652,"""The United States declares war on Japan"".","['The United States', 'Japan']",['Japan']
666,"Retrieved 13 December 2018.^ ""From the Jaws of Death: MacArthur's Escape from the Philippines"".","['13', 'December', 'the Jaws of Death', 'MacArthur', 'Escape', 'Philippines']",['Philippines']
743,"""Hirohito accepts Japan's surrender terms, Aug. 14, 1945"".","['Hirohito', 'Japan', 'Aug. 14, 1945']",['Japan']
789,"PMID 21731859.^ Gutman, Israel (1990).","['21731859.^', 'Israel', '1990']",['Israel']
859,"""Israel's Nuclear Weapons: 5 Things You Need to Know"".","['Israel', '5']",['Israel']
868,"""Major milestones of Iran's nuclear programme | Iran | Al Jazeera"".","['Iran', 'Iran', 'Al Jazeera']","['Iran', 'Iran']"
875,"Past & Present (210): 103–120. doi:10.1093/pastj/gtq042.^ ""The division of Germany – The Cold War (1945–1989) – CVCE Website"".","['Past & Present', '210', '103–120', 'doi:10.1093/pastj/gtq042.^', 'Germany', 'The Cold War', '1945–1989']",['Germany']
899,"""The forgotten violence that helped India break free from colonial rule"".",['India'],['India']
902,"""Indian Independence Day: everything you need to know about Partition between India and Pakistan 70 years on"".","['Indian Independence Day', 'Partition between India', 'Pakistan', '70 years']",['Pakistan']
909,"""The Philippines, 1898–1946 | US House of Representatives: History, Art & Archives"".","['Philippines', '1898–1946', 'US House of Representatives: History,', 'Art & Archives']",['Philippines']
934,"""Colonial Cartographies, Postcolonial Borders, and Enduring Failures of International Law: The Unending War along the Afghanistan-Pakistan Frontier"".","['Colonial Cartographies', 'Postcolonial Borders', 'Enduring Failures of', 'Afghanistan']",['Afghanistan']
961,"The Moldovans: Romania, Russia, and the Politics of Culture.","['Moldovans', 'Romania', 'Russia', 'the Politics of Culture']","['Romania', 'Russia']"
1005,"""Selling 'Operation Passage to Freedom': Dr. Thomas Dooley and the Religious Overtones of Early American Involvement in Vietnam"".","['Thomas Dooley', 'the Religious Overtones of Early American Involvement', 'Vietnam']",['Vietnam']
1028,"""Stuck in Endless Preliminaries: Vietnam and the Battle of the Paris Peace Table, November 1968 – January 1969"".","['Stuck in Endless Preliminaries', 'Vietnam', 'the Battle of the Paris Peace Table', 'November 1968', 'January 1969']",['Vietnam']
1231,"""Anti-American Behavior in the Middle East: Evidence from a Field Experiment in Lebanon"".","['Anti-American Behavior', 'the Middle East', 'a Field Experiment', 'Lebanon']",['Lebanon']
1235,The Rise of China and India: A New Asian Drama.,"['India', 'New Asian']",['India']
1236,Singapore: World Scientific. doi:10.1142/7381.,"['Singapore', 'World Scientific']",['Singapore']
